variant_id,chromosome,position,reference_allele,alternate_allele
VAR_1,3,203555,T,G
VAR_2,20,214834,T,C
VAR_3,12,475,G,C
VAR_4,19,224664,A,G
VAR_5,5,14375,A,C
VAR_6,14,203226,C,G
VAR_7,10,33257,T,A
VAR_8,17,12108,G,C
VAR_9,9,32671,G,T
VAR_10,15,13064,T,A
VAR_11,12,17936,T,G
VAR_12,21,126567,G,C
VAR_13,14,8654,A,G
VAR_14,10,223989,A,T
VAR_15,14,186836,A,C
VAR_16,19,22578,A,C
VAR_17,14,135111,G,C
VAR_18,2,131628,G,C
VAR_19,14,128449,G,T
VAR_20,5,82811,G,A
VAR_21,7,41168,C,A
VAR_22,1,82466,A,T
VAR_23,16,18816,G,A
VAR_24,20,92089,C,G
VAR_25,17,101135,G,C
VAR_26,14,169585,C,T
VAR_27,18,102141,G,C
VAR_28,X,153778,C,G
VAR_29,8,79723,G,C
VAR_30,2,94591,T,C
VAR_31,Y,69450,A,C
VAR_32,15,50091,T,G
VAR_33,22,86187,C,G
VAR_34,Y,112382,A,G
VAR_35,17,32442,T,G
VAR_36,10,33453,C,T
VAR_37,18,145628,A,T
VAR_38,11,915,G,C
VAR_39,8,187707,G,A
VAR_40,3,189541,C,A
VAR_41,19,99678,G,A
VAR_42,10,208482,A,C
VAR_43,4,20946,G,T
VAR_44,8,148566,A,T
VAR_45,2,46808,A,C
VAR_46,2,11263,C,G
VAR_47,X,97852,C,G
VAR_48,17,120801,T,A
VAR_49,7,158449,C,A
VAR_50,14,170465,A,T
VAR_51,19,205160,A,T
VAR_52,2,141905,G,T
VAR_53,1,99685,C,A
VAR_54,16,166901,A,C
VAR_55,Y,210020,C,T
VAR_56,4,11388,T,C
VAR_57,6,163297,G,T
VAR_58,17,232401,G,C
VAR_59,10,113140,A,G
VAR_60,8,13911,C,T
VAR_61,22,97628,T,C
VAR_62,1,164481,G,T
VAR_63,17,130064,C,G
VAR_64,18,199241,C,A
VAR_65,14,184256,G,C
VAR_66,2,82562,C,A
VAR_67,20,110236,G,C
VAR_68,4,249113,T,A
VAR_69,11,181961,C,T
VAR_70,5,109653,C,G
VAR_71,9,120807,C,G
VAR_72,18,4699,C,G
VAR_73,16,64248,G,A
VAR_74,2,57318,A,G
VAR_75,12,140467,A,C
VAR_76,8,70803,C,G
VAR_77,7,182235,G,T
VAR_78,4,154640,C,A
VAR_79,18,18765,C,A
VAR_80,4,210538,C,T
VAR_81,6,111382,C,T
VAR_82,8,58836,G,A
VAR_83,9,111636,A,G
VAR_84,5,34175,T,C
VAR_85,1,230601,T,G
VAR_86,16,7365,C,A
VAR_87,21,245494,C,A
VAR_88,19,85345,G,C
VAR_89,13,98104,A,T
VAR_90,2,235368,C,T
VAR_91,9,146559,T,C
VAR_92,8,207335,T,A
VAR_93,9,228158,C,G
VAR_94,20,68729,T,G
VAR_95,17,31838,G,T
VAR_96,17,121673,T,A
VAR_97,14,181025,A,G
VAR_98,2,32282,T,C
VAR_99,16,246170,T,C
VAR_100,11,213182,C,G
